"","Country","Quarter","Year","Unit","Value"
"1","Switzerland","Q1","1995","US Dollar",51950.4
"2","Switzerland","Q2","1995","US Dollar",51940
"3","Switzerland","Q3","1995","US Dollar",52147.3
"4","Switzerland","Q4","1995","US Dollar",52097.9
"5","Ireland","Q1","1995","US Dollar",30821.1
"6","Ireland","Q2","1995","US Dollar",31147.8
"7","Ireland","Q3","1995","US Dollar",31703.7
"8","Ireland","Q4","1995","US Dollar",31890.9
"9","Luxembourg","Q1","1995","US Dollar",75649.5
"10","Luxembourg","Q2","1995","US Dollar",76118.8
"11","Luxembourg","Q3","1995","US Dollar",76663.3
"12","Luxembourg","Q4","1995","US Dollar",77290.3
"13","Norway","Q1","1995","US Dollar",46375.6
"14","Norway","Q2","1995","US Dollar",46715.8
"15","Norway","Q3","1995","US Dollar",47750.9
"16","Norway","Q4","1995","US Dollar",48284.6
"17","United States","Q1","1995","US Dollar",41618.8
"18","United States","Q2","1995","US Dollar",41624.7
"19","United States","Q3","1995","US Dollar",41843.9
"20","United States","Q4","1995","US Dollar",41999
"21","Switzerland","Q1","1996","US Dollar",52310.1
"22","Switzerland","Q2","1996","US Dollar",52049
"23","Switzerland","Q3","1996","US Dollar",51865.2
"24","Switzerland","Q4","1996","US Dollar",52138.8
"25","Ireland","Q1","1996","US Dollar",33032.7
"26","Ireland","Q2","1996","US Dollar",33526.4
"27","Ireland","Q3","1996","US Dollar",33304.6
"28","Ireland","Q4","1996","US Dollar",33641.9
"29","Luxembourg","Q1","1996","US Dollar",77976.1
"30","Luxembourg","Q2","1996","US Dollar",72332.4
"31","Luxembourg","Q3","1996","US Dollar",77668.9
"32","Luxembourg","Q4","1996","US Dollar",78413.4
"33","Norway","Q1","1996","US Dollar",48969
"34","Norway","Q2","1996","US Dollar",48834.9
"35","Norway","Q3","1996","US Dollar",50393.2
"36","Norway","Q4","1996","US Dollar",49517
"37","United States","Q1","1996","US Dollar",42208.5
"38","United States","Q2","1996","US Dollar",42790.7
"39","United States","Q3","1996","US Dollar",43034.4
"40","United States","Q4","1996","US Dollar",43342.8
"41","Switzerland","Q1","1997","US Dollar",52542.1
"42","Switzerland","Q2","1997","US Dollar",52760.6
"43","Switzerland","Q3","1997","US Dollar",53380
"44","Switzerland","Q4","1997","US Dollar",53713
"45","Ireland","Q1","1997","US Dollar",35050
"46","Ireland","Q2","1997","US Dollar",36462
"47","Ireland","Q3","1997","US Dollar",37097.5
"48","Ireland","Q4","1997","US Dollar",37569.2
"49","Luxembourg","Q1","1997","US Dollar",78662.5
"50","Luxembourg","Q2","1997","US Dollar",79380.4
"51","Luxembourg","Q3","1997","US Dollar",80043
"52","Luxembourg","Q4","1997","US Dollar",80666
"53","Norway","Q1","1997","US Dollar",50788.7
"54","Norway","Q2","1997","US Dollar",51954.8
"55","Norway","Q3","1997","US Dollar",51793
"56","Norway","Q4","1997","US Dollar",52441.5
"57","United States","Q1","1997","US Dollar",43507.3
"58","United States","Q2","1997","US Dollar",44104.1
"59","United States","Q3","1997","US Dollar",44508.1
"60","United States","Q4","1997","US Dollar",44750.3
"61","Switzerland","Q1","1998","US Dollar",54225.3
"62","Switzerland","Q2","1998","US Dollar",54725.1
"63","Switzerland","Q3","1998","US Dollar",54696.8
"64","Switzerland","Q4","1998","US Dollar",54453.9
"65","Ireland","Q1","1998","US Dollar",38315.5
"66","Ireland","Q2","1998","US Dollar",39140.7
"67","Ireland","Q3","1998","US Dollar",40488.6
"68","Ireland","Q4","1998","US Dollar",39061
"69","Luxembourg","Q1","1998","US Dollar",81274.9
"70","Luxembourg","Q2","1998","US Dollar",83855.2
"71","Luxembourg","Q3","1998","US Dollar",85144.7
"72","Luxembourg","Q4","1998","US Dollar",85409.1
"73","Norway","Q1","1998","US Dollar",52899.5
"74","Norway","Q2","1998","US Dollar",53414.3
"75","Norway","Q3","1998","US Dollar",52349.8
"76","Norway","Q4","1998","US Dollar",52511
"77","United States","Q1","1998","US Dollar",45081.8
"78","United States","Q2","1998","US Dollar",45374.9
"79","United States","Q3","1998","US Dollar",45800.4
"80","United States","Q4","1998","US Dollar",46400.3
"81","Switzerland","Q1","1999","US Dollar",54496
"82","Switzerland","Q2","1999","US Dollar",54788.3
"83","Switzerland","Q3","1999","US Dollar",55020.6
"84","Switzerland","Q4","1999","US Dollar",56285.4
"85","Ireland","Q1","1999","US Dollar",41438.8
"86","Ireland","Q2","1999","US Dollar",42011.1
"87","Ireland","Q3","1999","US Dollar",43503.1
"88","Ireland","Q4","1999","US Dollar",44009.2
"89","Luxembourg","Q1","1999","US Dollar",87396.3
"90","Luxembourg","Q2","1999","US Dollar",88922.9
"91","Luxembourg","Q3","1999","US Dollar",91119.9
"92","Luxembourg","Q4","1999","US Dollar",90522.2
"93","Norway","Q1","1999","US Dollar",52855.1
"94","Norway","Q2","1999","US Dollar",52796.1
"95","Norway","Q3","1999","US Dollar",53736.2
"96","Norway","Q4","1999","US Dollar",54550.7
"97","United States","Q1","1999","US Dollar",46719.9
"98","United States","Q2","1999","US Dollar",46981.4
"99","United States","Q3","1999","US Dollar",47452
"100","United States","Q4","1999","US Dollar",48087
"101","Switzerland","Q1","2000","US Dollar",56646.1
"102","Switzerland","Q2","2000","US Dollar",56812
"103","Switzerland","Q3","2000","US Dollar",57187.9
"104","Switzerland","Q4","2000","US Dollar",57742.1
"105","Ireland","Q1","2000","US Dollar",44466.2
"106","Ireland","Q2","2000","US Dollar",45780.2
"107","Ireland","Q3","2000","US Dollar",46648.1
"108","Ireland","Q4","2000","US Dollar",46423.4
"109","Luxembourg","Q1","2000","US Dollar",94835.8
"110","Luxembourg","Q2","2000","US Dollar",93347.6
"111","Luxembourg","Q3","2000","US Dollar",94677.2
"112","Luxembourg","Q4","2000","US Dollar",94975.9
"113","Norway","Q1","2000","US Dollar",55283
"114","Norway","Q2","2000","US Dollar",54399.6
"115","Norway","Q3","2000","US Dollar",54829.9
"116","Norway","Q4","2000","US Dollar",54790.5
"117","United States","Q1","2000","US Dollar",48140.1
"118","United States","Q2","2000","US Dollar",48895.2
"119","United States","Q3","2000","US Dollar",48811.2
"120","United States","Q4","2000","US Dollar",48971.6
"121","Switzerland","Q1","2001","US Dollar",57704.2
"122","Switzerland","Q2","2001","US Dollar",57957.9
"123","Switzerland","Q3","2001","US Dollar",57759.2
"124","Switzerland","Q4","2001","US Dollar",57580.6
"125","Ireland","Q1","2001","US Dollar",47381.1
"126","Ireland","Q2","2001","US Dollar",47892.1
"127","Ireland","Q3","2001","US Dollar",47640.2
"128","Ireland","Q4","2001","US Dollar",47946.1
"129","Luxembourg","Q1","2001","US Dollar",96305.3
"130","Luxembourg","Q2","2001","US Dollar",94793.8
"131","Luxembourg","Q3","2001","US Dollar",95905.7
"132","Luxembourg","Q4","2001","US Dollar",98099.6
"133","Norway","Q1","2001","US Dollar",55382.3
"134","Norway","Q2","2001","US Dollar",55234.9
"135","Norway","Q3","2001","US Dollar",55840.5
"136","Norway","Q4","2001","US Dollar",56251.1
"137","United States","Q1","2001","US Dollar",48701
"138","United States","Q2","2001","US Dollar",48888.6
"139","United States","Q3","2001","US Dollar",48565.7
"140","United States","Q4","2001","US Dollar",48576.7
"141","Switzerland","Q1","2002","US Dollar",57431
"142","Switzerland","Q2","2002","US Dollar",57436.3
"143","Switzerland","Q3","2002","US Dollar",57472.4
"144","Switzerland","Q4","2002","US Dollar",57102.5
"145","Ireland","Q1","2002","US Dollar",49089.9
"146","Ireland","Q2","2002","US Dollar",49082.8
"147","Ireland","Q3","2002","US Dollar",50209.6
"148","Ireland","Q4","2002","US Dollar",50214
"149","Luxembourg","Q1","2002","US Dollar",98225.9
"150","Luxembourg","Q2","2002","US Dollar",99716.4
"151","Luxembourg","Q3","2002","US Dollar",97960.8
"152","Luxembourg","Q4","2002","US Dollar",97413.8
"153","Norway","Q1","2002","US Dollar",55611.4
"154","Norway","Q2","2002","US Dollar",56679.2
"155","Norway","Q3","2002","US Dollar",55727.5
"156","Norway","Q4","2002","US Dollar",56270
"157","United States","Q1","2002","US Dollar",48872.5
"158","United States","Q2","2002","US Dollar",49064
"159","United States","Q3","2002","US Dollar",49137.5
"160","United States","Q4","2002","US Dollar",49081.8
"161","Switzerland","Q1","2003","US Dollar",56561
"162","Switzerland","Q2","2003","US Dollar",56501.8
"163","Switzerland","Q3","2003","US Dollar",56971.3
"164","Switzerland","Q4","2003","US Dollar",57562.2
"165","Ireland","Q1","2003","US Dollar",49785.1
"166","Ireland","Q2","2003","US Dollar",49734.8
"167","Ireland","Q3","2003","US Dollar",50349.2
"168","Ireland","Q4","2003","US Dollar",52431.1
"169","Luxembourg","Q1","2003","US Dollar",96927.1
"170","Luxembourg","Q2","2003","US Dollar",98973.7
"171","Luxembourg","Q3","2003","US Dollar",99674.6
"172","Luxembourg","Q4","2003","US Dollar",103059.8
"173","Norway","Q1","2003","US Dollar",56221.7
"174","Norway","Q2","2003","US Dollar",55868.1
"175","Norway","Q3","2003","US Dollar",56566.3
"176","Norway","Q4","2003","US Dollar",56510.1
"177","United States","Q1","2003","US Dollar",49232.9
"178","United States","Q2","2003","US Dollar",49562.5
"179","United States","Q3","2003","US Dollar",50263.8
"180","United States","Q4","2003","US Dollar",50722.7
"181","Switzerland","Q1","2004","US Dollar",57784.1
"182","Switzerland","Q2","2004","US Dollar",58113.8
"183","Switzerland","Q3","2004","US Dollar",58055.2
"184","Switzerland","Q4","2004","US Dollar",58066.1
"185","Ireland","Q1","2004","US Dollar",52179.8
"186","Ireland","Q2","2004","US Dollar",52996.9
"187","Ireland","Q3","2004","US Dollar",52871.3
"188","Ireland","Q4","2004","US Dollar",53492.3
"189","Luxembourg","Q1","2004","US Dollar",102146.5
"190","Luxembourg","Q2","2004","US Dollar",101775.1
"191","Luxembourg","Q3","2004","US Dollar",103865.2
"192","Luxembourg","Q4","2004","US Dollar",102373.5
"193","Norway","Q1","2004","US Dollar",58448.3
"194","Norway","Q2","2004","US Dollar",58492
"195","Norway","Q3","2004","US Dollar",57715.9
"196","Norway","Q4","2004","US Dollar",58169
"197","United States","Q1","2004","US Dollar",50914.2
"198","United States","Q2","2004","US Dollar",51198.9
"199","United States","Q3","2004","US Dollar",51552.6
"200","United States","Q4","2004","US Dollar",51950.2
"201","Switzerland","Q1","2005","US Dollar",58431.3
"202","Switzerland","Q2","2005","US Dollar",59039.6
"203","Switzerland","Q3","2005","US Dollar",59638.9
"204","Switzerland","Q4","2005","US Dollar",60120.6
"205","Ireland","Q1","2005","US Dollar",54268.7
"206","Ireland","Q2","2005","US Dollar",54836.7
"207","Ireland","Q3","2005","US Dollar",54423.9
"208","Ireland","Q4","2005","US Dollar",55451.9
"209","Luxembourg","Q1","2005","US Dollar",101164.8
"210","Luxembourg","Q2","2005","US Dollar",101557.8
"211","Luxembourg","Q3","2005","US Dollar",103084.9
"212","Luxembourg","Q4","2005","US Dollar",108003.8
"213","Norway","Q1","2005","US Dollar",59027.4
"214","Norway","Q2","2005","US Dollar",59247
"215","Norway","Q3","2005","US Dollar",59609.5
"216","Norway","Q4","2005","US Dollar",59627.6
"217","United States","Q1","2005","US Dollar",52416.3
"218","United States","Q2","2005","US Dollar",52558.9
"219","United States","Q3","2005","US Dollar",52837.4
"220","United States","Q4","2005","US Dollar",53004.1
"221","Switzerland","Q1","2006","US Dollar",60690.4
"222","Switzerland","Q2","2006","US Dollar",61128.6
"223","Switzerland","Q3","2006","US Dollar",61519.9
"224","Switzerland","Q4","2006","US Dollar",62193.3
"225","Ireland","Q1","2006","US Dollar",56096.2
"226","Ireland","Q2","2006","US Dollar",55837.8
"227","Ireland","Q3","2006","US Dollar",56383.9
"228","Ireland","Q4","2006","US Dollar",55836.4
"229","Luxembourg","Q1","2006","US Dollar",107728
"230","Luxembourg","Q2","2006","US Dollar",107715
"231","Luxembourg","Q3","2006","US Dollar",107761.3
"232","Luxembourg","Q4","2006","US Dollar",108890.9
"233","Norway","Q1","2006","US Dollar",59892.9
"234","Norway","Q2","2006","US Dollar",59838.9
"235","Norway","Q3","2006","US Dollar",60310.5
"236","Norway","Q4","2006","US Dollar",61269.9
"237","United States","Q1","2006","US Dollar",53601.7
"238","United States","Q2","2006","US Dollar",53612.3
"239","United States","Q3","2006","US Dollar",53554.4
"240","United States","Q4","2006","US Dollar",53868.3
"241","Switzerland","Q1","2007","US Dollar",62404.4
"242","Switzerland","Q2","2007","US Dollar",63177.6
"243","Switzerland","Q3","2007","US Dollar",63583
"244","Switzerland","Q4","2007","US Dollar",64069
"245","Ireland","Q1","2007","US Dollar",58685.6
"246","Ireland","Q2","2007","US Dollar",57220.6
"247","Ireland","Q3","2007","US Dollar",55731.9
"248","Ireland","Q4","2007","US Dollar",57442.6
"249","Luxembourg","Q1","2007","US Dollar",113878.8
"250","Luxembourg","Q2","2007","US Dollar",115840.2
"251","Luxembourg","Q3","2007","US Dollar",114614.2
"252","Luxembourg","Q4","2007","US Dollar",115119.2
"253","Norway","Q1","2007","US Dollar",61198.2
"254","Norway","Q2","2007","US Dollar",61040.9
"255","Norway","Q3","2007","US Dollar",61627.4
"256","Norway","Q4","2007","US Dollar",62087.2
"257","United States","Q1","2007","US Dollar",53907.3
"258","United States","Q2","2007","US Dollar",54129.9
"259","United States","Q3","2007","US Dollar",54315.7
"260","United States","Q4","2007","US Dollar",54508.4
"261","Switzerland","Q1","2008","US Dollar",64426.7
"262","Switzerland","Q2","2008","US Dollar",64796.4
"263","Switzerland","Q3","2008","US Dollar",64853.6
"264","Switzerland","Q4","2008","US Dollar",62837.4
"265","Ireland","Q1","2008","US Dollar",55609.7
"266","Ireland","Q2","2008","US Dollar",53841.4
"267","Ireland","Q3","2008","US Dollar",53469.5
"268","Ireland","Q4","2008","US Dollar",51028.7
"269","Luxembourg","Q1","2008","US Dollar",115769.3
"270","Luxembourg","Q2","2008","US Dollar",113968.2
"271","Luxembourg","Q3","2008","US Dollar",112537.2
"272","Luxembourg","Q4","2008","US Dollar",107766.3
"273","Norway","Q1","2008","US Dollar",61100.5
"274","Norway","Q2","2008","US Dollar",60925.5
"275","Norway","Q3","2008","US Dollar",60597.8
"276","Norway","Q4","2008","US Dollar",60597.4
"277","United States","Q1","2008","US Dollar",54167.4
"278","United States","Q2","2008","US Dollar",54358.1
"279","United States","Q3","2008","US Dollar",53940.1
"280","United States","Q4","2008","US Dollar",52639.3
"281","Switzerland","Q1","2009","US Dollar",61667.6
"282","Switzerland","Q2","2009","US Dollar",61850.4
"283","Switzerland","Q3","2009","US Dollar",62439.8
"284","Switzerland","Q4","2009","US Dollar",62850.2
"285","Ireland","Q1","2009","US Dollar",51161.2
"286","Ireland","Q2","2009","US Dollar",50658.4
"287","Ireland","Q3","2009","US Dollar",49962.6
"288","Ireland","Q4","2009","US Dollar",49351.8
"289","Luxembourg","Q1","2009","US Dollar",105290.6
"290","Luxembourg","Q2","2009","US Dollar",106073.1
"291","Luxembourg","Q3","2009","US Dollar",108053.6
"292","Luxembourg","Q4","2009","US Dollar",107978.1
"293","Norway","Q1","2009","US Dollar",59934.4
"294","Norway","Q2","2009","US Dollar",59247
"295","Norway","Q3","2009","US Dollar",59101.2
"296","Norway","Q4","2009","US Dollar",58937.6
"297","United States","Q1","2009","US Dollar",51920.2
"298","United States","Q2","2009","US Dollar",51726.1
"299","United States","Q3","2009","US Dollar",51793.9
"300","United States","Q4","2009","US Dollar",52226.2
"301","Switzerland","Q1","2010","US Dollar",63187.3
"302","Switzerland","Q2","2010","US Dollar",63595.9
"303","Switzerland","Q3","2010","US Dollar",63846.6
"304","Switzerland","Q4","2010","US Dollar",64213.5
"305","Ireland","Q1","2010","US Dollar",50732.7
"306","Ireland","Q2","2010","US Dollar",50636.2
"307","Ireland","Q3","2010","US Dollar",50772.2
"308","Ireland","Q4","2010","US Dollar",50670.3
"309","Luxembourg","Q1","2010","US Dollar",109398.7
"310","Luxembourg","Q2","2010","US Dollar",110096.9
"311","Luxembourg","Q3","2010","US Dollar",107628
"312","Luxembourg","Q4","2010","US Dollar",108084.1
"313","Norway","Q1","2010","US Dollar",59890
"314","Norway","Q2","2010","US Dollar",59071.3
"315","Norway","Q3","2010","US Dollar",57405.5
"316","Norway","Q4","2010","US Dollar",58824.9
"317","United States","Q1","2010","US Dollar",52382.7
"318","United States","Q2","2010","US Dollar",52794
"319","United States","Q3","2010","US Dollar",53098.9
"320","United States","Q4","2010","US Dollar",53269.5
"321","Switzerland","Q1","2011","US Dollar",64521.1
"322","Switzerland","Q2","2011","US Dollar",64665.2
"323","Switzerland","Q3","2011","US Dollar",64219
"324","Switzerland","Q4","2011","US Dollar",64099.2
"325","Ireland","Q1","2011","US Dollar",50910.8
"326","Ireland","Q2","2011","US Dollar",51551.4
"327","Ireland","Q3","2011","US Dollar",50483.1
"328","Ireland","Q4","2011","US Dollar",50868.1
"329","Luxembourg","Q1","2011","US Dollar",108715.5
"330","Luxembourg","Q2","2011","US Dollar",106961.5
"331","Luxembourg","Q3","2011","US Dollar",107416.9
"332","Luxembourg","Q4","2011","US Dollar",106537.8
"333","Norway","Q1","2011","US Dollar",58700.7
"334","Norway","Q2","2011","US Dollar",58268.9
"335","Norway","Q3","2011","US Dollar",58993
"336","Norway","Q4","2011","US Dollar",58833.8
"337","United States","Q1","2011","US Dollar",53055.6
"338","United States","Q2","2011","US Dollar",53328.3
"339","United States","Q3","2011","US Dollar",53203.7
"340","United States","Q4","2011","US Dollar",53698.3
"341","Switzerland","Q1","2012","US Dollar",64597.3
"342","Switzerland","Q2","2012","US Dollar",64404.5
"343","Switzerland","Q3","2012","US Dollar",64690.9
"344","Switzerland","Q4","2012","US Dollar",64439.6
"345","Ireland","Q1","2012","US Dollar",50301.3
"346","Ireland","Q2","2012","US Dollar",51298
"347","Ireland","Q3","2012","US Dollar",50081.1
"348","Ireland","Q4","2012","US Dollar",50998.8
"349","Luxembourg","Q1","2012","US Dollar",106579.1
"350","Luxembourg","Q2","2012","US Dollar",106056.7
"351","Luxembourg","Q3","2012","US Dollar",106418.8
"352","Luxembourg","Q4","2012","US Dollar",107655.1
"353","Norway","Q1","2012","US Dollar",59929.7
"354","Norway","Q2","2012","US Dollar",59879.2
"355","Norway","Q3","2012","US Dollar",58800
"356","Norway","Q4","2012","US Dollar",59080.7
"357","United States","Q1","2012","US Dollar",54051.5
"358","United States","Q2","2012","US Dollar",54210.9
"359","United States","Q3","2012","US Dollar",54202.1
"360","United States","Q4","2012","US Dollar",54158.8
"361","Switzerland","Q1","2013","US Dollar",64550.8
"362","Switzerland","Q2","2013","US Dollar",64922.3
"363","Switzerland","Q3","2013","US Dollar",65206.3
"364","Switzerland","Q4","2013","US Dollar",65214.2
"365","Ireland","Q1","2013","US Dollar",49719.9
"366","Ireland","Q2","2013","US Dollar",51165.3
"367","Ireland","Q3","2013","US Dollar",51816.1
"368","Ireland","Q4","2013","US Dollar",52178.1
"369","Luxembourg","Q1","2013","US Dollar",106783.2
"370","Luxembourg","Q2","2013","US Dollar",108146.9
"371","Luxembourg","Q3","2013","US Dollar",107775.6
"372","Luxembourg","Q4","2013","US Dollar",106395.4
"373","Norway","Q1","2013","US Dollar",59029.3
"374","Norway","Q2","2013","US Dollar",59291.6
"375","Norway","Q3","2013","US Dollar",59684.9
"376","Norway","Q4","2013","US Dollar",59392.3
"377","United States","Q1","2013","US Dollar",54550.2
"378","United States","Q2","2013","US Dollar",54543.1
"379","United States","Q3","2013","US Dollar",54869.6
"380","United States","Q4","2013","US Dollar",55152.2
"381","Switzerland","Q1","2014","US Dollar",65441.2
"382","Switzerland","Q2","2014","US Dollar",65687.9
"383","Switzerland","Q3","2014","US Dollar",65845.5
"384","Switzerland","Q4","2014","US Dollar",65972.3
"385","Ireland","Q1","2014","US Dollar",53499.3
"386","Ireland","Q2","2014","US Dollar",55688.2
"387","Ireland","Q3","2014","US Dollar",55396.7
"388","Ireland","Q4","2014","US Dollar",56112.3
"389","Luxembourg","Q1","2014","US Dollar",107701.6
"390","Luxembourg","Q2","2014","US Dollar",105561.6
"391","Luxembourg","Q3","2014","US Dollar",107313.3
"392","Luxembourg","Q4","2014","US Dollar",109523.2
"393","Norway","Q1","2014","US Dollar",59538.3
"394","Norway","Q2","2014","US Dollar",59814.6
"395","Norway","Q3","2014","US Dollar",59879.3
"396","Norway","Q4","2014","US Dollar",60447
"397","United States","Q1","2014","US Dollar",54869.9
"398","United States","Q2","2014","US Dollar",55482.5
"399","United States","Q3","2014","US Dollar",56017.2
"400","United States","Q4","2014","US Dollar",56156.7
"401","Switzerland","Q1","2015","US Dollar",65694.9
"402","Switzerland","Q2","2015","US Dollar",65890.8
"403","Switzerland","Q3","2015","US Dollar",66090.9
"404","Switzerland","Q4","2015","US Dollar",66199
"405","Ireland","Q1","2015","US Dollar",68643
"406","Ireland","Q2","2015","US Dollar",67114.8
"407","Ireland","Q3","2015","US Dollar",68465.1
"408","Ireland","Q4","2015","US Dollar",69886.1
"409","Luxembourg","Q1","2015","US Dollar",108230.6
"410","Luxembourg","Q2","2015","US Dollar",108590.5
"411","Luxembourg","Q3","2015","US Dollar",107387.9
"412","Luxembourg","Q4","2015","US Dollar",107192.9
"413","Norway","Q1","2015","US Dollar",60175.1
"414","Norway","Q2","2015","US Dollar",60354.1
"415","Norway","Q3","2015","US Dollar",60896.8
"416","Norway","Q4","2015","US Dollar",60211.4
"417","United States","Q1","2015","US Dollar",56524.9
"418","United States","Q2","2015","US Dollar",56760.5
"419","United States","Q3","2015","US Dollar",56832.9
"420","United States","Q4","2015","US Dollar",56805.3
"421","Switzerland","Q1","2016","US Dollar",66370.1
"422","Switzerland","Q2","2016","US Dollar",66519.5
"423","Switzerland","Q3","2016","US Dollar",66673.7
"424","Switzerland","Q4","2016","US Dollar",66683
"425","Ireland","Q1","2016","US Dollar",67110.7
"426","Ireland","Q2","2016","US Dollar",68247.9
"427","Ireland","Q3","2016","US Dollar",66819.5
"428","Ireland","Q4","2016","US Dollar",75223.9
"429","Luxembourg","Q1","2016","US Dollar",109906.3
"430","Luxembourg","Q2","2016","US Dollar",110503.6
"431","Luxembourg","Q3","2016","US Dollar",110680.8
"432","Luxembourg","Q4","2016","US Dollar",110394.6
"433","Norway","Q1","2016","US Dollar",60651.1
"434","Norway","Q2","2016","US Dollar",60122.7
"435","Norway","Q3","2016","US Dollar",59445.2
"436","Norway","Q4","2016","US Dollar",60726.7
"437","United States","Q1","2016","US Dollar",57047.3
"438","United States","Q2","2016","US Dollar",57128.1
"439","United States","Q3","2016","US Dollar",57364.6
"440","United States","Q4","2016","US Dollar",57547.3
"441","Switzerland","Q1","2017","US Dollar",66687.4
"442","Switzerland","Q2","2017","US Dollar",66763.9
"443","Switzerland","Q3","2017","US Dollar",67064.1
"444","Switzerland","Q4","2017","US Dollar",67641.9
"445","Ireland","Q1","2017","US Dollar",71057.9
"446","Ireland","Q2","2017","US Dollar",73608.3
"447","Ireland","Q3","2017","US Dollar",75178
"448","Ireland","Q4","2017","US Dollar",79568.7
"449","Luxembourg","Q1","2017","US Dollar",108219.5
"450","Luxembourg","Q2","2017","US Dollar",109362.4
"451","Luxembourg","Q3","2017","US Dollar",110041.4
"452","Luxembourg","Q4","2017","US Dollar",110019.6
"453","Norway","Q1","2017","US Dollar",61045.7
"454","Norway","Q2","2017","US Dollar",61395.8
"455","Norway","Q3","2017","US Dollar",61704.7
"456","Norway","Q4","2017","US Dollar",61471.2
"457","United States","Q1","2017","US Dollar",57739.1
"458","United States","Q2","2017","US Dollar",57981.5
"459","United States","Q3","2017","US Dollar",58303.9
"460","United States","Q4","2017","US Dollar",58764.1
"461","Switzerland","Q1","2018","US Dollar",68282.5
"462","Switzerland","Q2","2018","US Dollar",68782.3
"463","Switzerland","Q3","2018","US Dollar",68502.5
"464","Switzerland","Q4","2018","US Dollar",68508.1
"465","Ireland","Q1","2018","US Dollar",79374.8
"466","Ireland","Q2","2018","US Dollar",81707.3
"467","Ireland","Q3","2018","US Dollar",80223.7
"468","Ireland","Q4","2018","US Dollar",81677.2
"469","Luxembourg","Q1","2018","US Dollar",109758.2
"470","Luxembourg","Q2","2018","US Dollar",108875.1
"471","Luxembourg","Q3","2018","US Dollar",109596.5
"472","Luxembourg","Q4","2018","US Dollar",109611.4
"473","Norway","Q1","2018","US Dollar",61683.5
"474","Norway","Q2","2018","US Dollar",61679.4
"475","Norway","Q3","2018","US Dollar",61985.4
"476","Norway","Q4","2018","US Dollar",61984.4
"477","United States","Q1","2018","US Dollar",59146.7
"478","United States","Q2","2018","US Dollar",59570.9
"479","United States","Q3","2018","US Dollar",59773.2
"480","United States","Q4","2018","US Dollar",59827
"481","Switzerland","Q1","2019","US Dollar",68584.2
"482","Switzerland","Q2","2019","US Dollar",68738.9
"483","Switzerland","Q3","2019","US Dollar",69001.4
"484","Switzerland","Q4","2019","US Dollar",69180.4
"485","Ireland","Q1","2019","US Dollar",82232.3
"486","Ireland","Q2","2019","US Dollar",84232.2
"487","Ireland","Q3","2019","US Dollar",83648.6
"488","Ireland","Q4","2019","US Dollar",84777
"489","Luxembourg","Q1","2019","US Dollar",110422.8
"490","Luxembourg","Q2","2019","US Dollar",111699.3
"491","Luxembourg","Q3","2019","US Dollar",110749.7
"492","Luxembourg","Q4","2019","US Dollar",110137.9
"493","Norway","Q1","2019","US Dollar",61823.6
"494","Norway","Q2","2019","US Dollar",61789.6
"495","Norway","Q3","2019","US Dollar",61649
"496","Norway","Q4","2019","US Dollar",62625.6
"497","United States","Q1","2019","US Dollar",60125.7
"498","United States","Q2","2019","US Dollar",60538.4
"499","United States","Q3","2019","US Dollar",60868.1
"500","United States","Q4","2019","US Dollar",61068.9
"501","Switzerland","Q1","2020","US Dollar",67960.1
"502","Switzerland","Q2","2020","US Dollar",63668.9
"503","Switzerland","Q3","2020","US Dollar",67549.2
"504","Switzerland","Q4","2020","US Dollar",67416.2
"505","Ireland","Q1","2020","US Dollar",86782.8
"506","Ireland","Q2","2020","US Dollar",84023.1
"507","Ireland","Q3","2020","US Dollar",92095.2
"508","Ireland","Q4","2020","US Dollar",87768.8
"509","Luxembourg","Q1","2020","US Dollar",108434.1
"510","Luxembourg","Q2","2020","US Dollar",101479
"511","Luxembourg","Q3","2020","US Dollar",109051.6
"512","Luxembourg","Q4","2020","US Dollar",109562.1
"513","Norway","Q1","2020","US Dollar",61612.7
"514","Norway","Q2","2020","US Dollar",58755.5
"515","Norway","Q3","2020","US Dollar",61219.7
"516","Norway","Q4","2020","US Dollar",61636.9
"517","United States","Q1","2020","US Dollar",60210.1
"518","United States","Q2","2020","US Dollar",54767.6
"519","United States","Q3","2020","US Dollar",58817.5
"520","United States","Q4","2020","US Dollar",59393.1
"521","Switzerland","Q1","2021","US Dollar",67007
"522","Ireland","Q1","2021","US Dollar",95238.8
"523","Luxembourg","Q1","2021","US Dollar",112654
"524","Norway","Q1","2021","US Dollar",61203.5
"525","United States","Q1","2021","US Dollar",60268.4
